code;motivo
19023;Leche entera UHT: mismos valores que «Leche entera (promedio)» (19016); solo cambia el tratamiento térmico
19041;Leche semidesnatada UHT: mismos valores que «Leche semidesnatada (promedio)» (19033)
19042;Leche semidesnatada pasterizada: mismos valores que «Leche semidesnatada (promedio)» (19033)
19051;Leche desnatada pasterizada: mismos valores que «Leche desnatada, UHT» (19050), la habitual en España
18009;Agua mineral de mineralización débil: 0 kcal, idéntica a «Agua mineral (promedio)» (18044)
18045;Agua mineral sin gas: 0 kcal, idéntica a «Agua mineral (promedio)» (18044)
18046;Agua mineral con gas: 0 kcal, idéntica a «Agua mineral (promedio)» (18044)
13148;Nectarina amarilla: valores dentro de tolerancia de «Nectarina (promedio)» (13399)
13149;Nectarina blanca: valores dentro de tolerancia de «Nectarina (promedio)» (13399)
11096;Sal fluorada: igual que «Sal blanca alimentaria, yodada» (11058) en nutrientes
